city_name,url
outram-singapore,https://www.instagram.com/explore/locations/c2890901/outram-singapore/
singapore-singapore,https://www.instagram.com/explore/locations/c2160986/singapore-singapore/
rochor-singapore,https://www.instagram.com/explore/locations/c2890738/rochor-singapore/
rivervalley-singapore,https://www.instagram.com/explore/locations/c2890745/rivervalley-singapore/
city-singapore,https://www.instagram.com/explore/locations/c2890790/city-singapore/
kallang-singapore,https://www.instagram.com/explore/locations/c2160754/kallang-singapore/
geylang-singapore,https://www.instagram.com/explore/locations/c2891086/geylang-singapore/
dhobyghaut-singapore,https://www.instagram.com/explore/locations/c2891078/dhobyghaut-singapore/
thomson-singapore,https://www.instagram.com/explore/locations/c2161030/thomson-singapore/
singaporeriver-singapore,https://www.instagram.com/explore/locations/c2891084/singaporeriver-singapore/
yishun-singapore,https://www.instagram.com/explore/locations/c2161066/yishun-singapore/
kampongwaktanjong-singapore,https://www.instagram.com/explore/locations/c2160867/kampongwaktanjong-singapore/
woodlandsnewtown-singapore,https://www.instagram.com/explore/locations/c2161053/woodlandsnewtown-singapore/
tampinesnewtown-singapore,https://www.instagram.com/explore/locations/c2161010/tampinesnewtown-singapore/
kampongjagoh-singapore,https://www.instagram.com/explore/locations/c2160783/kampongjagoh-singapore/
toapayoh-singapore,https://www.instagram.com/explore/locations/c2161039/toapayoh-singapore/
kampongkebunbaharu-singapore,https://www.instagram.com/explore/locations/c2160786/kampongkebunbaharu-singapore/
playfairestate-singapore,https://www.instagram.com/explore/locations/c2160937/playfairestate-singapore/
marineparade-singapore,https://www.instagram.com/explore/locations/c2891085/marineparade-singapore/
brickworksestate-singapore,https://www.instagram.com/explore/locations/c2160658/brickworksestate-singapore/
huatchoevillage-singapore,https://www.instagram.com/explore/locations/c2160738/huatchoevillage-singapore/
tampinesestate-singapore,https://www.instagram.com/explore/locations/c2161009/tampinesestate-singapore/
bukitmerahestate-singapore,https://www.instagram.com/explore/locations/c2160666/bukitmerahestate-singapore/
kampongtebingterjun-singapore,https://www.instagram.com/explore/locations/c2160851/kampongtebingterjun-singapore/
hougang-singapore,https://www.instagram.com/explore/locations/c2891088/hougang-singapore/
boonlayresettlementarea-singapore,https://www.instagram.com/explore/locations/c2160656/boonlayresettlementarea-singapore/
mokpenghiangestate-singapore,https://www.instagram.com/explore/locations/c2160908/mokpenghiangestate-singapore/
sembawang-singapore,https://www.instagram.com/explore/locations/c2160970/sembawang-singapore/
matildaestate-singapore,https://www.instagram.com/explore/locations/c2160904/matildaestate-singapore/
toapayohnewtown-singapore,https://www.instagram.com/explore/locations/c2161038/toapayohnewtown-singapore/
marina-singapore,https://www.instagram.com/explore/locations/c2890740/marina-singapore/
centralregion-singapore,https://www.instagram.com/explore/locations/c2998920/centralregion-singapore/
seaviewestate-singapore,https://www.instagram.com/explore/locations/c2160965/seaviewestate-singapore/
kampongtongkangpechah-singapore,https://www.instagram.com/explore/locations/c2160855/kampongtongkangpechah-singapore/
bukitpanjangnewtown-singapore,https://www.instagram.com/explore/locations/c2160669/bukitpanjangnewtown-singapore/
angmokiovillage-singapore,https://www.instagram.com/explore/locations/c2160638/angmokiovillage-singapore/
ulubedokvillage-singapore,https://www.instagram.com/explore/locations/c2161046/ulubedokvillage-singapore/
happygardens-singapore,https://www.instagram.com/explore/locations/c2160722/happygardens-singapore/
sennettestate-singapore,https://www.instagram.com/explore/locations/c2160973/sennettestate-singapore/
bishan-singapore,https://www.instagram.com/explore/locations/c2891076/bishan-singapore/
kampongtampines-singapore,https://www.instagram.com/explore/locations/c2160844/kampongtampines-singapore/
kampongayergemuruh-singapore,https://www.instagram.com/explore/locations/c2160758/kampongayergemuruh-singapore/
kalang-singapore,https://www.instagram.com/explore/locations/c2160753/kalang-singapore/
jurongeast-singapore,https://www.instagram.com/explore/locations/c2160744/jurongeast-singapore/
serangoon-singapore,https://www.instagram.com/explore/locations/c2160976/serangoon-singapore/
north-eastregion-singapore,https://www.instagram.com/explore/locations/c2998923/north-eastregion-singapore/
chaicheeestate-singapore,https://www.instagram.com/explore/locations/c2160681/chaicheeestate-singapore/
kampongloyang-singapore,https://www.instagram.com/explore/locations/c2160795/kampongloyang-singapore/
kampongdaratnanas-singapore,https://www.instagram.com/explore/locations/c2160778/kampongdaratnanas-singapore/
tuas-singapore,https://www.instagram.com/explore/locations/c2161041/tuas-singapore/
bukitmerah-singapore,https://www.instagram.com/explore/locations/c2891083/bukitmerah-singapore/
kampongubi-singapore,https://www.instagram.com/explore/locations/c2160857/kampongubi-singapore/
jurongvillage-singapore,https://www.instagram.com/explore/locations/c2160749/jurongvillage-singapore/
angmokio-singapore,https://www.instagram.com/explore/locations/c2160636/angmokio-singapore/
yewtee-singapore,https://www.instagram.com/explore/locations/c2161061/yewtee-singapore/
kakibukitestate-singapore,https://www.instagram.com/explore/locations/c2160752/kakibukitestate-singapore/
serangoongardenestate-singapore,https://www.instagram.com/explore/locations/c2160974/serangoongardenestate-singapore/
kampongserangoonkechil-singapore,https://www.instagram.com/explore/locations/c2160830/kampongserangoonkechil-singapore/
hougangnewtown-singapore,https://www.instagram.com/explore/locations/c2160736/hougangnewtown-singapore/
mayflowerestate-singapore,https://www.instagram.com/explore/locations/c2160905/mayflowerestate-singapore/
jurongwest-singapore,https://www.instagram.com/explore/locations/c2160750/jurongwest-singapore/
simpangbedok-singapore,https://www.instagram.com/explore/locations/c2160983/simpangbedok-singapore/
kampongsireh-singapore,https://www.instagram.com/explore/locations/c2160833/kampongsireh-singapore/
ongleevillage-singapore,https://www.instagram.com/explore/locations/c2160922/ongleevillage-singapore/
swisscottageestate-singapore,https://www.instagram.com/explore/locations/c2161005/swisscottageestate-singapore/
bukitpanjang-singapore,https://www.instagram.com/explore/locations/c2160667/bukitpanjang-singapore/
bukittimahvillage-singapore,https://www.instagram.com/explore/locations/c2160673/bukittimahvillage-singapore/
chiakeng-singapore,https://www.instagram.com/explore/locations/c2160685/chiakeng-singapore/
kampongulujurong-singapore,https://www.instagram.com/explore/locations/c2160858/kampongulujurong-singapore/
bukitsembawangestate-singapore,https://www.instagram.com/explore/locations/c2160670/bukitsembawangestate-singapore/
bedok-singapore,https://www.instagram.com/explore/locations/c2160647/bedok-singapore/
thomsonpark-singapore,https://www.instagram.com/explore/locations/c2161027/thomsonpark-singapore/
kampongpengkalankundor-singapore,https://www.instagram.com/explore/locations/c2160809/kampongpengkalankundor-singapore/
yishunnewtown-singapore,https://www.instagram.com/explore/locations/c2161065/yishunnewtown-singapore/
tampines-singapore,https://www.instagram.com/explore/locations/c2891082/tampines-singapore/
bukitpanjangestate-singapore,https://www.instagram.com/explore/locations/c2160668/bukitpanjangestate-singapore/
kampongamoyquee-singapore,https://www.instagram.com/explore/locations/c2160756/kampongamoyquee-singapore/
kampongsungipinang-singapore,https://www.instagram.com/explore/locations/c2160843/kampongsungipinang-singapore/
kampongpasirris-singapore,https://www.instagram.com/explore/locations/c2160808/kampongpasirris-singapore/
keathong-singapore,https://www.instagram.com/explore/locations/c2160872/keathong-singapore/
simei-singapore,https://www.instagram.com/explore/locations/c2160982/simei-singapore/
jurongwestnewtown-singapore,https://www.instagram.com/explore/locations/c2160751/jurongwestnewtown-singapore/
kampongbatak-singapore,https://www.instagram.com/explore/locations/c2160765/kampongbatak-singapore/
kentridge-singapore,https://www.instagram.com/explore/locations/c2160875/kentridge-singapore/
bukitbatok-singapore,https://www.instagram.com/explore/locations/c2160661/bukitbatok-singapore/
kampongulupandan-singapore,https://www.instagram.com/explore/locations/c2160859/kampongulupandan-singapore/
eastregion-singapore,https://www.instagram.com/explore/locations/c2998921/eastregion-singapore/
kampongradinmas-singapore,https://www.instagram.com/explore/locations/c2160820/kampongradinmas-singapore/
tanglinhalt-singapore,https://www.instagram.com/explore/locations/c2161012/tanglinhalt-singapore/
geylangseraivillage-singapore,https://www.instagram.com/explore/locations/c2160718/geylangseraivillage-singapore/
northregion-singapore,https://www.instagram.com/explore/locations/c2998922/northregion-singapore/
bishannewtown-singapore,https://www.instagram.com/explore/locations/c2160654/bishannewtown-singapore/
marsilingestate-singapore,https://www.instagram.com/explore/locations/c2160899/marsilingestate-singapore/
choachukangnewtown-singapore,https://www.instagram.com/explore/locations/c2160691/choachukangnewtown-singapore/
taykengloonestate-singapore,https://www.instagram.com/explore/locations/c2161017/taykengloonestate-singapore/
woodlands-singapore,https://www.instagram.com/explore/locations/c2161054/woodlands-singapore/
heapguan-singapore,https://www.instagram.com/explore/locations/c2160725/heapguan-singapore/
jurongeastnewtown-singapore,https://www.instagram.com/explore/locations/c2160745/jurongeastnewtown-singapore/
taiseng-singapore,https://www.instagram.com/explore/locations/c2161008/taiseng-singapore/
pasirris-singapore,https://www.instagram.com/explore/locations/c2160930/pasirris-singapore/
frankelestate-singapore,https://www.instagram.com/explore/locations/c2160714/frankelestate-singapore/
pulaubrani-singapore,https://www.instagram.com/explore/locations/c2915053/pulaubrani-singapore/
kembangan-singapore,https://www.instagram.com/explore/locations/c2160874/kembangan-singapore/
westcoastvillage-singapore,https://www.instagram.com/explore/locations/c2161051/westcoastvillage-singapore/
princeedwardpoint-singapore,https://www.instagram.com/explore/locations/c2160939/princeedwardpoint-singapore/
kampongbukitpanjang-singapore,https://www.instagram.com/explore/locations/c2160772/kampongbukitpanjang-singapore/
kampongsungaitengah-singapore,https://www.instagram.com/explore/locations/c2160842/kampongsungaitengah-singapore/
westregion-singapore,https://www.instagram.com/explore/locations/c2998924/westregion-singapore/
yewteevillage-singapore,https://www.instagram.com/explore/locations/c2161060/yewteevillage-singapore/
teachershousingestate-singapore,https://www.instagram.com/explore/locations/c2161018/teachershousingestate-singapore/
marsiling-singapore,https://www.instagram.com/explore/locations/c2160900/marsiling-singapore/
rosegarden-singapore,https://www.instagram.com/explore/locations/c2160958/rosegarden-singapore/
chinesegardens-singapore,https://www.instagram.com/explore/locations/c2160688/chinesegardens-singapore/
sengkang-singapore,https://www.instagram.com/explore/locations/c2890993/sengkang-singapore/
sussexestate-singapore,https://www.instagram.com/explore/locations/c2161004/sussexestate-singapore/
sitestate-singapore,https://www.instagram.com/explore/locations/c2160989/sitestate-singapore/
kampongreteh-singapore,https://www.instagram.com/explore/locations/c2160821/kampongreteh-singapore/
changivillage-singapore,https://www.instagram.com/explore/locations/c2160683/changivillage-singapore/
mountvernon-singapore,https://www.instagram.com/explore/locations/c2160912/mountvernon-singapore/
kampongseklim-singapore,https://www.instagram.com/explore/locations/c2160828/kampongseklim-singapore/
buonavista-singapore,https://www.instagram.com/explore/locations/c2160676/buonavista-singapore/
operaestate-singapore,https://www.instagram.com/explore/locations/c2160923/operaestate-singapore/
simpang-singapore,https://www.instagram.com/explore/locations/c2890778/simpang-singapore/
serangoonnewtown-singapore,https://www.instagram.com/explore/locations/c2160975/serangoonnewtown-singapore/
hollandvillage-singapore,https://www.instagram.com/explore/locations/c2160731/hollandvillage-singapore/
hongkah-singapore,https://www.instagram.com/explore/locations/c2160732/hongkah-singapore/
kampongcutforth-singapore,https://www.instagram.com/explore/locations/c2160777/kampongcutforth-singapore/
engkhonggardens-singapore,https://www.instagram.com/explore/locations/c2160708/engkhonggardens-singapore/
clementi-singapore,https://www.instagram.com/explore/locations/c2160696/clementi-singapore/
easterngardens-singapore,https://www.instagram.com/explore/locations/c2160704/easterngardens-singapore/
kamwakhassan-singapore,https://www.instagram.com/explore/locations/c2160870/kamwakhassan-singapore/
bamboogrovepark-singapore,https://www.instagram.com/explore/locations/c2160643/bamboogrovepark-singapore/
sarangrimau-singapore,https://www.instagram.com/explore/locations/c2160964/sarangrimau-singapore/
kampongeunos-singapore,https://www.instagram.com/explore/locations/c2160780/kampongeunos-singapore/
boonlay-singapore,https://www.instagram.com/explore/locations/c2160655/boonlay-singapore/
thomsongardenestate-singapore,https://www.instagram.com/explore/locations/c2161026/thomsongardenestate-singapore/
lokyang-singapore,https://www.instagram.com/explore/locations/c2160891/lokyang-singapore/
thomsonridgeestate-singapore,https://www.instagram.com/explore/locations/c2161028/thomsonridgeestate-singapore/
kampongsanteng-singapore,https://www.instagram.com/explore/locations/c2160825/kampongsanteng-singapore/
princesselizabethestate-singapore,https://www.instagram.com/explore/locations/c2160940/princesselizabethestate-singapore/
rochesterpark-singapore,https://www.instagram.com/explore/locations/c2160957/rochesterpark-singapore/
chyekay-singapore,https://www.instagram.com/explore/locations/c2160694/chyekay-singapore/
kamponglewlian-singapore,https://www.instagram.com/explore/locations/c2160793/kamponglewlian-singapore/
fuyongestate-singapore,https://www.instagram.com/explore/locations/c2160715/fuyongestate-singapore/
thomsonriseestate-singapore,https://www.instagram.com/explore/locations/c2161029/thomsonriseestate-singapore/
queenstown-singapore,https://www.instagram.com/explore/locations/c2160950/queenstown-singapore/
chongpang-singapore,https://www.instagram.com/explore/locations/c2160692/chongpang-singapore/
kampongmandaikechil-singapore,https://www.instagram.com/explore/locations/c2160799/kampongmandaikechil-singapore/
kingalbertpark-singapore,https://www.instagram.com/explore/locations/c2160881/kingalbertpark-singapore/
nepalpark-singapore,https://www.instagram.com/explore/locations/c2160917/nepalpark-singapore/
kampongpachitan-singapore,https://www.instagram.com/explore/locations/c2160803/kampongpachitan-singapore/
pasirrisvillage-singapore,https://www.instagram.com/explore/locations/c2160931/pasirrisvillage-singapore/
kampongsungaiblukar-singapore,https://www.instagram.com/explore/locations/c2160839/kampongsungaiblukar-singapore/
kampongchangi-singapore,https://www.instagram.com/explore/locations/c2160774/kampongchangi-singapore/
phoenixpark-singapore,https://www.instagram.com/explore/locations/c2160936/phoenixpark-singapore/
tanglin-singapore,https://www.instagram.com/explore/locations/c2890985/tanglin-singapore/
boonlay-singapore,https://www.instagram.com/explore/locations/c2890795/boonlay-singapore/
sagavillage-singapore,https://www.instagram.com/explore/locations/c2160960/sagavillage-singapore/
changi-singapore,https://www.instagram.com/explore/locations/c2160682/changi-singapore/
clementinewtown-singapore,https://www.instagram.com/explore/locations/c2160698/clementinewtown-singapore/
marineparadeestate-singapore,https://www.instagram.com/explore/locations/c2160898/marineparadeestate-singapore/
sembawanghillsestate-singapore,https://www.instagram.com/explore/locations/c2160969/sembawanghillsestate-singapore/
pandanvalley-singapore,https://www.instagram.com/explore/locations/c2160926/pandanvalley-singapore/
faberhills-singapore,https://www.instagram.com/explore/locations/c2160711/faberhills-singapore/
serangoonvillage-singapore,https://www.instagram.com/explore/locations/c2160977/serangoonvillage-singapore/
sembawangvillage-singapore,https://www.instagram.com/explore/locations/c2160971/sembawangvillage-singapore/
edenpark-singapore,https://www.instagram.com/explore/locations/c2160707/edenpark-singapore/
kampongtanjongpenjuru-singapore,https://www.instagram.com/explore/locations/c2160848/kampongtanjongpenjuru-singapore/
queenstownnewtown-singapore,https://www.instagram.com/explore/locations/c2160949/queenstownnewtown-singapore/
caldecotthillestate-singapore,https://www.instagram.com/explore/locations/c2160679/caldecotthillestate-singapore/
kampongsultan-singapore,https://www.instagram.com/explore/locations/c2160837/kampongsultan-singapore/
medwaypark-singapore,https://www.instagram.com/explore/locations/c2160907/medwaypark-singapore/
jalankayu-singapore,https://www.instagram.com/explore/locations/c2160743/jalankayu-singapore/
mataikanvillage-singapore,https://www.instagram.com/explore/locations/c2160903/mataikanvillage-singapore/
hongleonggarden-singapore,https://www.instagram.com/explore/locations/c2160735/hongleonggarden-singapore/
fabergarden-singapore,https://www.instagram.com/explore/locations/c2160710/fabergarden-singapore/
ayerrajah-singapore,https://www.instagram.com/explore/locations/c2160640/ayerrajah-singapore/
hunyeangvillage-singapore,https://www.instagram.com/explore/locations/c2160741/hunyeangvillage-singapore/
kangkar-singapore,https://www.instagram.com/explore/locations/c2160871/kangkar-singapore/
ghimmoh-singapore,https://www.instagram.com/explore/locations/c2160719/ghimmoh-singapore/
wattenestate-singapore,https://www.instagram.com/explore/locations/c2161048/wattenestate-singapore/
pasirpanjang-singapore,https://www.instagram.com/explore/locations/c2160927/pasirpanjang-singapore/
neesoonvillage-singapore,https://www.instagram.com/explore/locations/c2160916/neesoonvillage-singapore/
punggolvillage-singapore,https://www.instagram.com/explore/locations/c2160946/punggolvillage-singapore/
mandai-singapore,https://www.instagram.com/explore/locations/c2160896/mandai-singapore/
braddellheightsestate-singapore,https://www.instagram.com/explore/locations/c2160657/braddellheightsestate-singapore/
bukitmandai-singapore,https://www.instagram.com/explore/locations/c2160664/bukitmandai-singapore/
sungeikadut-singapore,https://www.instagram.com/explore/locations/c2890739/sungeikadut-singapore/
kampongkembangan-singapore,https://www.instagram.com/explore/locations/c2160787/kampongkembangan-singapore/
wessexestate-singapore,https://www.instagram.com/explore/locations/c2161050/wessexestate-singapore/
novena-singapore,https://www.instagram.com/explore/locations/c2891000/novena-singapore/
humeheights-singapore,https://www.instagram.com/explore/locations/c2160739/humeheights-singapore/
bukitbatoknewtown-singapore,https://www.instagram.com/explore/locations/c2160662/bukitbatoknewtown-singapore/
yiochukangestate-singapore,https://www.instagram.com/explore/locations/c2161062/yiochukangestate-singapore/
tanglinhill-singapore,https://www.instagram.com/explore/locations/c2161013/tanglinhill-singapore/
siewlimpark-singapore,https://www.instagram.com/explore/locations/c2160979/siewlimpark-singapore/
eastviewgarden-singapore,https://www.instagram.com/explore/locations/c2160705/eastviewgarden-singapore/
sommervilleestate-singapore,https://www.instagram.com/explore/locations/c2160994/sommervilleestate-singapore/
kampongwoodleigh-singapore,https://www.instagram.com/explore/locations/c2160869/kampongwoodleigh-singapore/
kampongpesek-singapore,https://www.instagram.com/explore/locations/c2160814/kampongpesek-singapore/
springparkestate-singapore,https://www.instagram.com/explore/locations/c2160998/springparkestate-singapore/
xilinestate-singapore,https://www.instagram.com/explore/locations/c2161057/xilinestate-singapore/
chiphockgarden-singapore,https://www.instagram.com/explore/locations/c2160689/chiphockgarden-singapore/
pasirpanjangvillage-singapore,https://www.instagram.com/explore/locations/c2160928/pasirpanjangvillage-singapore/
choachukang-singapore,https://www.instagram.com/explore/locations/c2160690/choachukang-singapore/
dunearnestate-singapore,https://www.instagram.com/explore/locations/c2160703/dunearnestate-singapore/
yiochukang-singapore,https://www.instagram.com/explore/locations/c2161064/yiochukang-singapore/
kilburnestate-singapore,https://www.instagram.com/explore/locations/c2160878/kilburnestate-singapore/
hongkongpark-singapore,https://www.instagram.com/explore/locations/c2160734/hongkongpark-singapore/
kampongharvey-singapore,https://www.instagram.com/explore/locations/c2160781/kampongharvey-singapore/
princeedwardpark-singapore,https://www.instagram.com/explore/locations/c2160938/princeedwardpark-singapore/
somapahchangi-singapore,https://www.instagram.com/explore/locations/c2160990/somapahchangi-singapore/
sungaimandai-singapore,https://www.instagram.com/explore/locations/c2160999/sungaimandai-singapore/
citywest-singapore,https://www.instagram.com/explore/locations/c2160695/citywest-singapore/
kingsmeadhall-singapore,https://www.instagram.com/explore/locations/c2160882/kingsmeadhall-singapore/
kampongocarrollscott-singapore,https://www.instagram.com/explore/locations/c2160802/kampongocarrollscott-singapore/
kampongpunggol-singapore,https://www.instagram.com/explore/locations/c2160819/kampongpunggol-singapore/
kampongtanahmerahkechil-singapore,https://www.instagram.com/explore/locations/c2160846/kampongtanahmerahkechil-singapore/
hollandgrovepark-singapore,https://www.instagram.com/explore/locations/c2160729/hollandgrovepark-singapore/
sungaisimpang-singapore,https://www.instagram.com/explore/locations/c2161001/sungaisimpang-singapore/
kampongblukang-singapore,https://www.instagram.com/explore/locations/c2160770/kampongblukang-singapore/
tuakanglye-singapore,https://www.instagram.com/explore/locations/c2161040/tuakanglye-singapore/
bukittimah-singapore,https://www.instagram.com/explore/locations/c2160671/bukittimah-singapore/
seletar-singapore,https://www.instagram.com/explore/locations/c2160967/seletar-singapore/
kampongkranji-singapore,https://www.instagram.com/explore/locations/c2160790/kampongkranji-singapore/
kampongwakhassan-singapore,https://www.instagram.com/explore/locations/c2160865/kampongwakhassan-singapore/
kampongkitin-singapore,https://www.instagram.com/explore/locations/c2160788/kampongkitin-singapore/
rafflespark-singapore,https://www.instagram.com/explore/locations/c2160954/rafflespark-singapore/
springleafpark-singapore,https://www.instagram.com/explore/locations/c2160997/springleafpark-singapore/
punggol-singapore,https://www.instagram.com/explore/locations/c2160945/punggol-singapore/
kampongbelimbing-singapore,https://www.instagram.com/explore/locations/c2160767/kampongbelimbing-singapore/
kampongsungaijurong-singapore,https://www.instagram.com/explore/locations/c2160840/kampongsungaijurong-singapore/
kampongjavateban-singapore,https://www.instagram.com/explore/locations/c2160784/kampongjavateban-singapore/
hillcrestpark-singapore,https://www.instagram.com/explore/locations/c2160728/hillcrestpark-singapore/
racecoursevillage-singapore,https://www.instagram.com/explore/locations/c2160952/racecoursevillage-singapore/
kampongchantekbaharu-singapore,https://www.instagram.com/explore/locations/c2160775/kampongchantekbaharu-singapore/
kampongwingloong-singapore,https://www.instagram.com/explore/locations/c2160868/kampongwingloong-singapore/
kranji-singapore,https://www.instagram.com/explore/locations/c2160883/kranji-singapore/
bedok-singapore,https://www.instagram.com/explore/locations/c2160650/bedok-singapore/
padangterbakarvillage-singapore,https://www.instagram.com/explore/locations/c2160925/padangterbakarvillage-singapore/
lamsan-singapore,https://www.instagram.com/explore/locations/c2160885/lamsan-singapore/
coronationgardens-singapore,https://www.instagram.com/explore/locations/c2160699/coronationgardens-singapore/
camdenpark-singapore,https://www.instagram.com/explore/locations/c2160680/camdenpark-singapore/
jurongisland-singapore,https://www.instagram.com/explore/locations/c2890998/jurongisland-singapore/
islandviewestate-singapore,https://www.instagram.com/explore/locations/c2160742/islandviewestate-singapore/
shamrockpark-singapore,https://www.instagram.com/explore/locations/c2160978/shamrockpark-singapore/
windsorparkestate-singapore,https://www.instagram.com/explore/locations/c2161052/windsorparkestate-singapore/
simeiestate-singapore,https://www.instagram.com/explore/locations/c2160980/simeiestate-singapore/
simeinewtown-singapore,https://www.instagram.com/explore/locations/c2160981/simeinewtown-singapore/
luckyhills-singapore,https://www.instagram.com/explore/locations/c2160894/luckyhills-singapore/
westerncatchmentarea-singapore,https://www.instagram.com/explore/locations/c2890741/westerncatchmentarea-singapore/
kampongamber-singapore,https://www.instagram.com/explore/locations/c2160755/kampongamber-singapore/
woodleighpark-singapore,https://www.instagram.com/explore/locations/c2161055/woodleighpark-singapore/
brizaypark-singapore,https://www.instagram.com/explore/locations/c2160660/brizaypark-singapore/
mcmahonpark-singapore,https://www.instagram.com/explore/locations/c2160906/mcmahonpark-singapore/
peoplesgarden-singapore,https://www.instagram.com/explore/locations/c2160933/peoplesgarden-singapore/
tiongguanestate-singapore,https://www.instagram.com/explore/locations/c2161037/tiongguanestate-singapore/
bulimvillage-singapore,https://www.instagram.com/explore/locations/c2160675/bulimvillage-singapore/
yiochukang-singapore,https://www.instagram.com/explore/locations/c2161063/yiochukang-singapore/
wattenpark-singapore,https://www.instagram.com/explore/locations/c2161049/wattenpark-singapore/
namazieestate-singapore,https://www.instagram.com/explore/locations/c2160913/namazieestate-singapore/
mountpleasant-singapore,https://www.instagram.com/explore/locations/c2160910/mountpleasant-singapore/
teckchongestate-singapore,https://www.instagram.com/explore/locations/c2161019/teckchongestate-singapore/
bedokville-singapore,https://www.instagram.com/explore/locations/c2160651/bedokville-singapore/
marylandestate-singapore,https://www.instagram.com/explore/locations/c2160901/marylandestate-singapore/
limchukang-singapore,https://www.instagram.com/explore/locations/c2160889/limchukang-singapore/
kampongsiren-singapore,https://www.instagram.com/explore/locations/c2160834/kampongsiren-singapore/
centralcatchmentarea-singapore,https://www.instagram.com/explore/locations/c2890781/centralcatchmentarea-singapore/
ngkayboonestate-singapore,https://www.instagram.com/explore/locations/c2160918/ngkayboonestate-singapore/
yankitvillage-singapore,https://www.instagram.com/explore/locations/c2161058/yankitvillage-singapore/
bajauestate-singapore,https://www.instagram.com/explore/locations/c2160642/bajauestate-singapore/
aikhongandaikchiangestate-singapore,https://www.instagram.com/explore/locations/c2160631/aikhongandaikchiangestate-singapore/
charltonpark-singapore,https://www.instagram.com/explore/locations/c2160684/charltonpark-singapore/
kampongpulaukechil-singapore,https://www.instagram.com/explore/locations/c2160817/kampongpulaukechil-singapore/
kampongwakbechik-singapore,https://www.instagram.com/explore/locations/c2160863/kampongwakbechik-singapore/
kampongtanahmerah-singapore,https://www.instagram.com/explore/locations/c2160845/kampongtanahmerah-singapore/
ewartpark-singapore,https://www.instagram.com/explore/locations/c2160709/ewartpark-singapore/
tianguanestate-singapore,https://www.instagram.com/explore/locations/c2161034/tianguanestate-singapore/
kianhongestate-singapore,https://www.instagram.com/explore/locations/c2160876/kianhongestate-singapore/
kampongsudong-singapore,https://www.instagram.com/explore/locations/c2160836/kampongsudong-singapore/
luckypark-singapore,https://www.instagram.com/explore/locations/c2160895/luckypark-singapore/
kampongayermerbau-singapore,https://www.instagram.com/explore/locations/c2160760/kampongayermerbau-singapore/
brighthillcrescent-singapore,https://www.instagram.com/explore/locations/c2160659/brighthillcrescent-singapore/
pulautekong-singapore,https://www.instagram.com/explore/locations/c2890893/pulautekong-singapore/
bintongpark-singapore,https://www.instagram.com/explore/locations/c2160653/bintongpark-singapore/
southern-singapore,https://www.instagram.com/explore/locations/c2890814/southern-singapore/
songhahestate-singapore,https://www.instagram.com/explore/locations/c2160995/songhahestate-singapore/
kampongberemban-singapore,https://www.instagram.com/explore/locations/c2160769/kampongberemban-singapore/
queenastridpark-singapore,https://www.instagram.com/explore/locations/c2160947/queenastridpark-singapore/
thonghoe-singapore,https://www.instagram.com/explore/locations/c2161032/thonghoe-singapore/
taikhenggardens-singapore,https://www.instagram.com/explore/locations/c2161007/taikhenggardens-singapore/
kampongwaksekak-singapore,https://www.instagram.com/explore/locations/c2160866/kampongwaksekak-singapore/
rebeccapark-singapore,https://www.instagram.com/explore/locations/c2160956/rebeccapark-singapore/
banguanpark-singapore,https://www.instagram.com/explore/locations/c2160645/banguanpark-singapore/
limchukangestate-singapore,https://www.instagram.com/explore/locations/c2160888/limchukangestate-singapore/
kampongjelutong-singapore,https://www.instagram.com/explore/locations/c2160785/kampongjelutong-singapore/
haisingpark-singapore,https://www.instagram.com/explore/locations/c2160721/haisingpark-singapore/
kampongpengkalanpetai-singapore,https://www.instagram.com/explore/locations/c2160811/kampongpengkalanpetai-singapore/
bedokgarden-singapore,https://www.instagram.com/explore/locations/c2160648/bedokgarden-singapore/
kampongsakeng-singapore,https://www.instagram.com/explore/locations/c2160823/kampongsakeng-singapore/
benapark-singapore,https://www.instagram.com/explore/locations/c2160652/benapark-singapore/
kampongbugis-singapore,https://www.instagram.com/explore/locations/c2160771/kampongbugis-singapore/
kampongbatukoyok-singapore,https://www.instagram.com/explore/locations/c2160766/kampongbatukoyok-singapore/
kampongperigipiau-singapore,https://www.instagram.com/explore/locations/c2160812/kampongperigipiau-singapore/
kimchuan-singapore,https://www.instagram.com/explore/locations/c2160879/kimchuan-singapore/
leedonpark-singapore,https://www.instagram.com/explore/locations/c2160887/leedonpark-singapore/
kampongpulauubin-singapore,https://www.instagram.com/explore/locations/c2160818/kampongpulauubin-singapore/
kampongtengah-singapore,https://www.instagram.com/explore/locations/c2160853/kampongtengah-singapore/
pulaubukom-singapore,https://www.instagram.com/explore/locations/c2891029/pulaubukom-singapore/
kampongbereh-singapore,https://www.instagram.com/explore/locations/c2160768/kampongbereh-singapore/
kampongteban-singapore,https://www.instagram.com/explore/locations/c2160850/kampongteban-singapore/
kampongwahtuang-singapore,https://www.instagram.com/explore/locations/c2160862/kampongwahtuang-singapore/
hongkahvillage-singapore,https://www.instagram.com/explore/locations/c2160733/hongkahvillage-singapore/
pulauubin-singapore,https://www.instagram.com/explore/locations/c2160942/pulauubin-singapore/
sinwattestate-singapore,https://www.instagram.com/explore/locations/c2160988/sinwattestate-singapore/
kampongnoordin-singapore,https://www.instagram.com/explore/locations/c2160801/kampongnoordin-singapore/
payalebar-singapore,https://www.instagram.com/explore/locations/c2160932/payalebar-singapore/
oeitionghampark-singapore,https://www.instagram.com/explore/locations/c2160919/oeitionghampark-singapore/
victoriapark-singapore,https://www.instagram.com/explore/locations/c2161047/victoriapark-singapore/
tengah-singapore,https://www.instagram.com/explore/locations/c2161025/tengah-singapore/
kampongchejevah-singapore,https://www.instagram.com/explore/locations/c2160776/kampongchejevah-singapore/
punggolestate-singapore,https://www.instagram.com/explore/locations/c2160944/punggolestate-singapore/
kampongsanyonkongparit-singapore,https://www.instagram.com/explore/locations/c2160827/kampongsanyonkongparit-singapore/
amakengvillage-singapore,https://www.instagram.com/explore/locations/c2160635/amakengvillage-singapore/
teckhockvillage-singapore,https://www.instagram.com/explore/locations/c2161021/teckhockvillage-singapore/
ahsoogarden-singapore,https://www.instagram.com/explore/locations/c2160630/ahsoogarden-singapore/
kampongtelok-singapore,https://www.instagram.com/explore/locations/c2160852/kampongtelok-singapore/
kampongmalayu-singapore,https://www.instagram.com/explore/locations/c2160797/kampongmalayu-singapore/
tanhuagekestate-singapore,https://www.instagram.com/explore/locations/c2161015/tanhuagekestate-singapore/
lamkiongestate-singapore,https://www.instagram.com/explore/locations/c2160884/lamkiongestate-singapore/
kampongpahang-singapore,https://www.instagram.com/explore/locations/c2160805/kampongpahang-singapore/
seminoi-singapore,https://www.instagram.com/explore/locations/c2160972/seminoi-singapore/
samhinestate-singapore,https://www.instagram.com/explore/locations/c2160963/samhinestate-singapore/
kampongbahru-singapore,https://www.instagram.com/explore/locations/c2160764/kampongbahru-singapore/
kampongayersamak-singapore,https://www.instagram.com/explore/locations/c2160762/kampongayersamak-singapore/
chiatongquahestate-singapore,https://www.instagram.com/explore/locations/c2160687/chiatongquahestate-singapore/
kampongsanyongkong-singapore,https://www.instagram.com/explore/locations/c2160826/kampongsanyongkong-singapore/
kampongayerbajau-singapore,https://www.instagram.com/explore/locations/c2160757/kampongayerbajau-singapore/
kampongmamam-singapore,https://www.instagram.com/explore/locations/c2160798/kampongmamam-singapore/
kampongdulah-singapore,https://www.instagram.com/explore/locations/c2160779/kampongdulah-singapore/
kampongtodak-singapore,https://www.instagram.com/explore/locations/c2160854/kampongtodak-singapore/
kampongunum-singapore,https://www.instagram.com/explore/locations/c2160861/kampongunum-singapore/
fishfarmingestate-singapore,https://www.instagram.com/explore/locations/c2160713/fishfarmingestate-singapore/
kampongpengkalanpakau-singapore,https://www.instagram.com/explore/locations/c2160810/kampongpengkalanpakau-singapore/
kiantecksanestate-singapore,https://www.instagram.com/explore/locations/c2160877/kiantecksanestate-singapore/
kampongpermatang-singapore,https://www.instagram.com/explore/locations/c2160813/kampongpermatang-singapore/
kampongpasir-singapore,https://www.instagram.com/explore/locations/c2160806/kampongpasir-singapore/
kampongsungaibelang-singapore,https://www.instagram.com/explore/locations/c2160838/kampongsungaibelang-singapore/
kampongpasirmerah-singapore,https://www.instagram.com/explore/locations/c2160807/kampongpasirmerah-singapore/
sungaiunumestate-singapore,https://www.instagram.com/explore/locations/c2161002/sungaiunumestate-singapore/
kampongsalabin-singapore,https://www.instagram.com/explore/locations/c2160824/kampongsalabin-singapore/
kampongayersamakdarat-singapore,https://www.instagram.com/explore/locations/c2160761/kampongayersamakdarat-singapore/