cityname,url
lot-one-shoppers-mall,https://www.instagram.com/explore/locations/782567681909343/lot-one-shoppers-mall/
keat-hong-community-club,https://www.instagram.com/explore/locations/1416565661940043/keat-hong-community-club/
safra-choa-chu-kang,https://www.instagram.com/explore/locations/108499295409264/safra-choa-chu-kang/
lot-one-shoppers-mall,https://www.instagram.com/explore/locations/1268845/lot-one-shoppers-mall/
choa-chu-kang-park,https://www.instagram.com/explore/locations/732519/choa-chu-kang-park/
al-khair-mosque,https://www.instagram.com/explore/locations/194522891865/al-khair-mosque/
konoha-the-hidden-leaf-village,https://www.instagram.com/explore/locations/268785677/konoha-the-hidden-leaf-village/
zoukout-sentosa,https://www.instagram.com/explore/locations/507740267/zoukout-sentosa/
i-miss-you,https://www.instagram.com/explore/locations/265856386/i-miss-you/
choa-chu-kang-bus-interchange,https://www.instagram.com/explore/locations/237912369/choa-chu-kang-bus-interchange/
cangi-airport-singapur,https://www.instagram.com/explore/locations/585471728/cangi-airport-singapur/
the-rainforest,https://www.instagram.com/explore/locations/322582046/the-rainforest/
choa-chu-kang,https://www.instagram.com/explore/locations/477905396/choa-chu-kang/
20-something,https://www.instagram.com/explore/locations/109872890775801/20-something/
choa-chu-kang-community-library,https://www.instagram.com/explore/locations/909619032/choa-chu-kang-community-library/
_-good-night-_,https://www.instagram.com/explore/locations/981799171/_-good-night-_/
northvale-condominium,https://www.instagram.com/explore/locations/981519/northvale-condominium/
xw-western-grill,https://www.instagram.com/explore/locations/102817744958216/xw-western-grill/
mcdonalds-choa-chu-kang-4,https://www.instagram.com/explore/locations/215340189/mcdonalds-choa-chu-kang-4/
anytime-fitness-choa-chu-kang-centre,https://www.instagram.com/explore/locations/107875198190022/anytime-fitness-choa-chu-kang-centre/
the-warren,https://www.instagram.com/explore/locations/2314028/the-warren/
super-bowl-at-keat-hong-cc,https://www.instagram.com/explore/locations/145736176067784/super-bowl-at-keat-hong-cc/
sushiro-lot-one,https://www.instagram.com/explore/locations/343896876798668/sushiro-lot-one/
shaw-theatres-lot-one,https://www.instagram.com/explore/locations/264795585/shaw-theatres-lot-one/
tokyo-shokudo,https://www.instagram.com/explore/locations/109736108126587/tokyo-shokudo/
stagmont-camp,https://www.instagram.com/explore/locations/4245101/stagmont-camp/
ajisen-ramen,https://www.instagram.com/explore/locations/689947211172293/ajisen-ramen/
paradise-dynasty,https://www.instagram.com/explore/locations/41245007/paradise-dynasty/
starbucks,https://www.instagram.com/explore/locations/216386915607250/starbucks/
choa-chu-kang-mrtlrt-station,https://www.instagram.com/explore/locations/238040707/choa-chu-kang-mrtlrt-station/
dian-xiao-er,https://www.instagram.com/explore/locations/283686321988458/dian-xiao-er/
shaw-theatres-lot-1,https://www.instagram.com/explore/locations/13428505/shaw-theatres-lot-1/
limbang-park,https://www.instagram.com/explore/locations/1292104/limbang-park/
chua-chu-kang-mrtlrt-station,https://www.instagram.com/explore/locations/264400183/chua-chu-kang-mrtlrt-station/
mr-teh-tarik-cartel,https://www.instagram.com/explore/locations/279309159372744/mr-teh-tarik-cartel/
nandos-lot-one,https://www.instagram.com/explore/locations/289839292/nandos-lot-one/
kbox-chua-chu-kang,https://www.instagram.com/explore/locations/18690909/kbox-chua-chu-kang/
bed-crying,https://www.instagram.com/explore/locations/584038287/bed-crying/
xw-western-grill-lot-1,https://www.instagram.com/explore/locations/105393141315896/xw-western-grill-lot-1/
paradise-now,https://www.instagram.com/explore/locations/105779639033802/paradise-now/
starbucks-singapore,https://www.instagram.com/explore/locations/102169437844356/starbucks-singapore/
the-star-theatre-buona-vista,https://www.instagram.com/explore/locations/238772920/the-star-theatre-buona-vista/
pastamania-lot1,https://www.instagram.com/explore/locations/4065130/pastamania-lot1/
lot-1-shoppers-mall,https://www.instagram.com/explore/locations/214950828/lot-1-shoppers-mall/
cck-302-coffee-shop,https://www.instagram.com/explore/locations/677479389/cck-302-coffee-shop/
the-coffee-bean-tea-leaf,https://www.instagram.com/explore/locations/110506380591293/the-coffee-bean-tea-leaf/
love-is-all-around,https://www.instagram.com/explore/locations/322800522/love-is-all-around/
sushiro,https://www.instagram.com/explore/locations/104828371655150/sushiro/
mi-casa-condo,https://www.instagram.com/explore/locations/251993733/mi-casa-condo/
masjid-alkhair,https://www.instagram.com/explore/locations/247880313/masjid-alkhair/
chateraise,https://www.instagram.com/explore/locations/1455096401259851/chateraise/
paradise-dynasty,https://www.instagram.com/explore/locations/227040041/paradise-dynasty/
south-view-primary-school,https://www.instagram.com/explore/locations/131364800843155/south-view-primary-school/
marina-barrage,https://www.instagram.com/explore/locations/258481408/marina-barrage/
northvale,https://www.instagram.com/explore/locations/278336870/northvale/
pizzahut-lot-1-shoppers-mall,https://www.instagram.com/explore/locations/241321844/pizzahut-lot-1-shoppers-mall/
siam-kitchen-lot-1-shoppers-mall,https://www.instagram.com/explore/locations/234685009/siam-kitchen-lot-1-shoppers-mall/
mcdonalds,https://www.instagram.com/explore/locations/1524491220970276/mcdonalds/
pgfn-since-1982,https://www.instagram.com/explore/locations/149977682195694/pgfn-since-1982/
mof-my-izakaya,https://www.instagram.com/explore/locations/226316489/mof-my-izakaya/
pizza-huts-lot-1,https://www.instagram.com/explore/locations/548367/pizza-huts-lot-1/
miss-tea,https://www.instagram.com/explore/locations/2219995194740838/miss-tea/
boonlay-mall,https://www.instagram.com/explore/locations/785618730/boonlay-mall/
yakiniku-shokudo,https://www.instagram.com/explore/locations/100990242643022/yakiniku-shokudo/
gymmboxx-cck,https://www.instagram.com/explore/locations/167120560438841/gymmboxx-cck/
garden-of-the-baymarina,https://www.instagram.com/explore/locations/876908100/garden-of-the-baymarina/
k-box,https://www.instagram.com/explore/locations/1212904/k-box/
aku-di-sini-kamu-di-sana-kita-terpisah-gunung-samudra,https://www.instagram.com/explore/locations/802561752/aku-di-sini-kamu-di-sana-kita-terpisah-gunung-samudra/
she-knows,https://www.instagram.com/explore/locations/165260123891006/she-knows/
paradise-dynasty,https://www.instagram.com/explore/locations/341226682/paradise-dynasty/
chao-chu-kang-singapore,https://www.instagram.com/explore/locations/264767150/chao-chu-kang-singapore/
siam-kitchen,https://www.instagram.com/explore/locations/445297/siam-kitchen/
wandervale-,https://www.instagram.com/explore/locations/1560617520912725/wandervale-/
home-sweet-home,https://www.instagram.com/explore/locations/222277104455842/home-sweet-home/
masjid-al-khair-choa-chu-kang,https://www.instagram.com/explore/locations/270457176/masjid-al-khair-choa-chu-kang/
pastamania-singapore,https://www.instagram.com/explore/locations/104506428381202/pastamania-singapore/
yishun-sports-hall,https://www.instagram.com/explore/locations/737005166/yishun-sports-hall/
chua-chu-kang-park,https://www.instagram.com/explore/locations/250564140/chua-chu-kang-park/
pho-street-vietnamese-street-food,https://www.instagram.com/explore/locations/153792661986385/pho-street-vietnamese-street-food/
cck-st-51,https://www.instagram.com/explore/locations/286819522/cck-st-51/
tamjai-samgor-mixian-lot-one-cck,https://www.instagram.com/explore/locations/107454018617816/tamjai-samgor-mixian-lot-one-cck/
ajisen-ramen,https://www.instagram.com/explore/locations/1733082/ajisen-ramen/
nandos-lot-one,https://www.instagram.com/explore/locations/123052018422159/nandos-lot-one/
food-junction-lot-1-cck,https://www.instagram.com/explore/locations/9459599/food-junction-lot-1-cck/
flourfriends-kitchen,https://www.instagram.com/explore/locations/1011869846/flourfriends-kitchen/
sakae-sushi,https://www.instagram.com/explore/locations/1002307/sakae-sushi/
lunox,https://www.instagram.com/explore/locations/110450380741769/lunox/
shaw-theatres-lot-one,https://www.instagram.com/explore/locations/110636574866387/shaw-theatres-lot-one/
pizza-hut-at-lot-1-mall,https://www.instagram.com/explore/locations/134992359912869/pizza-hut-at-lot-1-mall/
micasa-condominium-choa-chu-kang,https://www.instagram.com/explore/locations/510075513/micasa-condominium-choa-chu-kang/
blackball-at-lot-1,https://www.instagram.com/explore/locations/940025175/blackball-at-lot-1/
kimagelot-1,https://www.instagram.com/explore/locations/1272962129507344/kimagelot-1/
lot-one-mall-choa-chukang,https://www.instagram.com/explore/locations/1018633285/lot-one-mall-choa-chukang/
bandung-sogo,https://www.instagram.com/explore/locations/1026542368/bandung-sogo/
starbuck-at-keat-hong-community-club,https://www.instagram.com/explore/locations/1487575504599565/starbuck-at-keat-hong-community-club/
northvale-condo,https://www.instagram.com/explore/locations/164208184057217/northvale-condo/
in-my-heart-3,https://www.instagram.com/explore/locations/286217208/in-my-heart-3/
foodcourt-lot-1-choa-chu-kang,https://www.instagram.com/explore/locations/353094432120527/foodcourt-lot-1-choa-chu-kang/
olio-cafe-lot1,https://www.instagram.com/explore/locations/14034550/olio-cafe-lot1/
ya-kun-kaya-toast,https://www.instagram.com/explore/locations/1677335528975878/ya-kun-kaya-toast/
old-street-bak-kut-teh,https://www.instagram.com/explore/locations/504743969937160/old-street-bak-kut-teh/
mof-lot-1-shopper-mall,https://www.instagram.com/explore/locations/236961491/mof-lot-1-shopper-mall/
ci-gusta,https://www.instagram.com/explore/locations/21431561/ci-gusta/
gelateria-italia-lot-1,https://www.instagram.com/explore/locations/216376503/gelateria-italia-lot-1/
the-coffee-bean-tea-leaf,https://www.instagram.com/explore/locations/110412646998667/the-coffee-bean-tea-leaf/
chua-chu-kang-loop-blk-346,https://www.instagram.com/explore/locations/487747821/chua-chu-kang-loop-blk-346/
wandervale-ec,https://www.instagram.com/explore/locations/1025051577/wandervale-ec/
tao-payoh-park,https://www.instagram.com/explore/locations/1026263056/tao-payoh-park/
choa-chu-kang-loop,https://www.instagram.com/explore/locations/397636/choa-chu-kang-loop/
foodfare,https://www.instagram.com/explore/locations/104076061002365/foodfare/
ajisen-lot-1,https://www.instagram.com/explore/locations/213523676/ajisen-lot-1/
delifrance-bistro-at-cck-lot-1,https://www.instagram.com/explore/locations/1767057883408676/delifrance-bistro-at-cck-lot-1/
gong-cha-teacoffeejuice-lot-1-shopping-mall,https://www.instagram.com/explore/locations/318643599/gong-cha-teacoffeejuice-lot-1-shopping-mall/
ministry-of-food-mof,https://www.instagram.com/explore/locations/879706/ministry-of-food-mof/
choa-chu-kang-lot-1-shaw-theatre,https://www.instagram.com/explore/locations/368982134/choa-chu-kang-lot-1-shaw-theatre/
ya-kun-kaya-toast,https://www.instagram.com/explore/locations/878904/ya-kun-kaya-toast/
blk-501-choa-chu-kang-st-51,https://www.instagram.com/explore/locations/8335175/blk-501-choa-chu-kang-st-51/
choa-chu-kang-mrt-station,https://www.instagram.com/explore/locations/794225791/choa-chu-kang-mrt-station/
national-library-cck-lot-1,https://www.instagram.com/explore/locations/249038236/national-library-cck-lot-1/
macdonalds-lot-one-shopping-mall,https://www.instagram.com/explore/locations/252314718/macdonalds-lot-one-shopping-mall/
old-neo-tiew-road,https://www.instagram.com/explore/locations/520059621/old-neo-tiew-road/
mi-casa-condiminium,https://www.instagram.com/explore/locations/253463926/mi-casa-condiminium/
weeeee,https://www.instagram.com/explore/locations/792246599/weeeee/
the-whale-tea-sg,https://www.instagram.com/explore/locations/112067506956698/the-whale-tea-sg/
lot-one,https://www.instagram.com/explore/locations/963286133823641/lot-one/
choa-chu-kang-mrtlrt-station,https://www.instagram.com/explore/locations/258271964/choa-chu-kang-mrtlrt-station/
xiao-guilin,https://www.instagram.com/explore/locations/294634407/xiao-guilin/
sushiro,https://www.instagram.com/explore/locations/343147100400922/sushiro/
wan-chai-hong-kong-tea-room,https://www.instagram.com/explore/locations/1866836/wan-chai-hong-kong-tea-room/
pizza-hut-at-lot-1-shopping-mall,https://www.instagram.com/explore/locations/6518446/pizza-hut-at-lot-1-shopping-mall/
starbucks-orchard-road,https://www.instagram.com/explore/locations/444963981/starbucks-orchard-road/
choa-chu-kang-nature-park,https://www.instagram.com/explore/locations/297580194/choa-chu-kang-nature-park/
block-212-choa-chu-kang-central,https://www.instagram.com/explore/locations/248020222/block-212-choa-chu-kang-central/
limbang-park,https://www.instagram.com/explore/locations/528700947480216/limbang-park/
paradise-dynasty-lot-1,https://www.instagram.com/explore/locations/236349967/paradise-dynasty-lot-1/
siam-kitchen,https://www.instagram.com/explore/locations/173702213549162/siam-kitchen/
tokyo-shokudo-lot-one,https://www.instagram.com/explore/locations/104854985476343/tokyo-shokudo-lot-one/
long-john-silvers-lot-one-shopping-mall,https://www.instagram.com/explore/locations/252811057/long-john-silvers-lot-one-shopping-mall/
the-upsara-spa,https://www.instagram.com/explore/locations/110781631912568/the-upsara-spa/
choa-chu-kang-mrt,https://www.instagram.com/explore/locations/14604614/choa-chu-kang-mrt/
lot-1-pastamania,https://www.instagram.com/explore/locations/578640149/lot-1-pastamania/
m-nail-bar,https://www.instagram.com/explore/locations/275517752860225/m-nail-bar/
food-junction-lot-one,https://www.instagram.com/explore/locations/102133709252001/food-junction-lot-one/
woodland-water-front,https://www.instagram.com/explore/locations/265646172/woodland-water-front/
nuh-child-development-unit,https://www.instagram.com/explore/locations/184940298764107/nuh-child-development-unit/
harbour-front,https://www.instagram.com/explore/locations/336524387/harbour-front/
chua-chu-kang-mrt-station,https://www.instagram.com/explore/locations/28751741/chua-chu-kang-mrt-station/
pastamania-choa-chu-kang,https://www.instagram.com/explore/locations/302125940/pastamania-choa-chu-kang/
yew-mei-green-condo,https://www.instagram.com/explore/locations/792153474/yew-mei-green-condo/
shaw-choa-chu-kang-cineplex,https://www.instagram.com/explore/locations/237739059/shaw-choa-chu-kang-cineplex/
the-old-pontian-cafe,https://www.instagram.com/explore/locations/9774094/the-old-pontian-cafe/
choa-chu-kang-central,https://www.instagram.com/explore/locations/2488722/choa-chu-kang-central/
cck-central,https://www.instagram.com/explore/locations/824845870947404/cck-central/
starbucks-at-keat-hong-cc,https://www.instagram.com/explore/locations/272205873199822/starbucks-at-keat-hong-cc/
gymmboxx-keat-hong,https://www.instagram.com/explore/locations/279318132469272/gymmboxx-keat-hong/
ajisen-ramen-lot-1,https://www.instagram.com/explore/locations/318824404/ajisen-ramen-lot-1/
al-azhar,https://www.instagram.com/explore/locations/444643176/al-azhar/
novembre-tiem-hoa-thang-muoi-mot,https://www.instagram.com/explore/locations/1346618935366920/novembre-tiem-hoa-thang-muoi-mot/
bistro-delifrance-lot-1,https://www.instagram.com/explore/locations/2942227/bistro-delifrance-lot-1/
zouk,https://www.instagram.com/explore/locations/241593109/zouk/
plaza-singapura-dhoby-ghaut-singapore,https://www.instagram.com/explore/locations/266599251/plaza-singapura-dhoby-ghaut-singapore/
northvale-condominium,https://www.instagram.com/explore/locations/754207034917937/northvale-condominium/
warren-condo,https://www.instagram.com/explore/locations/11625916/warren-condo/
mos-burger-singapore,https://www.instagram.com/explore/locations/173102053235455/mos-burger-singapore/
nandos-at-lot1,https://www.instagram.com/explore/locations/279193180/nandos-at-lot1/
lot-1-mof,https://www.instagram.com/explore/locations/256914123/lot-1-mof/
choa-chu-kang-central-302-foodcourt,https://www.instagram.com/explore/locations/399632092/choa-chu-kang-central-302-foodcourt/
blk-302-choa-chu-kang-central,https://www.instagram.com/explore/locations/246732874/blk-302-choa-chu-kang-central/
micasa-condo-singapore,https://www.instagram.com/explore/locations/516915840/micasa-condo-singapore/
roof-garden-lot-1-shoppers-mall,https://www.instagram.com/explore/locations/6903250/roof-garden-lot-1-shoppers-mall/
choa-chu-kang-lot-one-food-junction,https://www.instagram.com/explore/locations/533413193/choa-chu-kang-lot-one-food-junction/
pizza-hut-choa-chu-kang-lot-1,https://www.instagram.com/explore/locations/110273571107451/pizza-hut-choa-chu-kang-lot-1/
lot-1-sakae-sushi,https://www.instagram.com/explore/locations/243717948/lot-1-sakae-sushi/
amazing-life-singapore,https://www.instagram.com/explore/locations/1846598642287302/amazing-life-singapore/
choa-chu-kang-avenue-5,https://www.instagram.com/explore/locations/1018046542/choa-chu-kang-avenue-5/
choa-chu-kang-lot-1-mall,https://www.instagram.com/explore/locations/212943024/choa-chu-kang-lot-1-mall/
old-street-bak-kut-teh-at-lot-1,https://www.instagram.com/explore/locations/1032342275/old-street-bak-kut-teh-at-lot-1/
di-hatiku-cuma-ada-kamu,https://www.instagram.com/explore/locations/858751177494982/di-hatiku-cuma-ada-kamu/
vogue-singapore,https://www.instagram.com/explore/locations/313175034/vogue-singapore/
kfc-lot-one,https://www.instagram.com/explore/locations/6684650/kfc-lot-one/
long-john-silvers,https://www.instagram.com/explore/locations/3050886/long-john-silvers/
wandervale,https://www.instagram.com/explore/locations/1946869602204165/wandervale/
nandos-lot-1,https://www.instagram.com/explore/locations/1136329973147576/nandos-lot-1/
choa-chu-kang-bus-interchange,https://www.instagram.com/explore/locations/4486074/choa-chu-kang-bus-interchange/
ajisen-ramen-lot-one-shoppersmall,https://www.instagram.com/explore/locations/213520672/ajisen-ramen-lot-one-shoppersmall/
si-rusa-negeri-sembilan-malaysia,https://www.instagram.com/explore/locations/310884462797506/si-rusa-negeri-sembilan-malaysia/
lot-1-mos-burger,https://www.instagram.com/explore/locations/306397218/lot-1-mos-burger/
nasi-lemak-etc,https://www.instagram.com/explore/locations/108675277638542/nasi-lemak-etc/
the-warren,https://www.instagram.com/explore/locations/103622078570165/the-warren/
pizza-hut-lot-one-shoppersmall,https://www.instagram.com/explore/locations/240479198/pizza-hut-lot-one-shoppersmall/
lot-one-cck-rooftop-garden,https://www.instagram.com/explore/locations/268933879/lot-one-cck-rooftop-garden/
the-warren-choa-chu-kang-loopsingapore,https://www.instagram.com/explore/locations/275758476/the-warren-choa-chu-kang-loopsingapore/
sasha-lulu-atelier,https://www.instagram.com/explore/locations/1289693141123843/sasha-lulu-atelier/
choa-chu-kang-avenue-3micasacondominium,https://www.instagram.com/explore/locations/1019306120/choa-chu-kang-avenue-3micasacondominium/
queensway,https://www.instagram.com/explore/locations/441442927/queensway/
blk-228-choa-chu-kang-central,https://www.instagram.com/explore/locations/2976563/blk-228-choa-chu-kang-central/
keat-hong-family-medicine-clinic,https://www.instagram.com/explore/locations/419177261750267/keat-hong-family-medicine-clinic/
mcdonalds-lot-1-shoppings-mall,https://www.instagram.com/explore/locations/260818272/mcdonalds-lot-1-shoppings-mall/
penang-story,https://www.instagram.com/explore/locations/123079745003389/penang-story/
rasa-istimewa-restaurant-chua-chu-kang-park,https://www.instagram.com/explore/locations/252199775/rasa-istimewa-restaurant-chua-chu-kang-park/
blk-517-choa-chu-kang-st-51,https://www.instagram.com/explore/locations/14105514/blk-517-choa-chu-kang-st-51/
dessert-story,https://www.instagram.com/explore/locations/679476/dessert-story/
sakae-sushi-lot-1-shoppers-mall,https://www.instagram.com/explore/locations/633364507/sakae-sushi-lot-1-shoppers-mall/
starbucks-at-keat-hong-cc,https://www.instagram.com/explore/locations/406324119805499/starbucks-at-keat-hong-cc/
raffles-medical-group,https://www.instagram.com/explore/locations/1751710028172673/raffles-medical-group/
ya-kun-lot-1,https://www.instagram.com/explore/locations/250300192/ya-kun-lot-1/
inside-the-train-mrt,https://www.instagram.com/explore/locations/261268316/inside-the-train-mrt/
blk-213-choa-chu-kang-central,https://www.instagram.com/explore/locations/4873346/blk-213-choa-chu-kang-central/
jest-dplace-at-choa-chu-kang-ave-4,https://www.instagram.com/explore/locations/1033077328/jest-dplace-at-choa-chu-kang-ave-4/
blk-513-choa-chu-kang-st-51,https://www.instagram.com/explore/locations/5716659/blk-513-choa-chu-kang-st-51/
signal-institute-stagmont-camp,https://www.instagram.com/explore/locations/172879144/signal-institute-stagmont-camp/
chua-chu-kang-lot-1-shopping-mall,https://www.instagram.com/explore/locations/20871946/chua-chu-kang-lot-1-shopping-mall/
mccafe-lot1,https://www.instagram.com/explore/locations/239999505/mccafe-lot1/
chua-chu-kang-loop-blk-344,https://www.instagram.com/explore/locations/257599705/chua-chu-kang-loop-blk-344/
kukup-golf-resort,https://www.instagram.com/explore/locations/348296752592112/kukup-golf-resort/
pepper-lunchfood-junction,https://www.instagram.com/explore/locations/848258582/pepper-lunchfood-junction/
delifrance-at-lot-one-shoppers-mall,https://www.instagram.com/explore/locations/250311858/delifrance-at-lot-one-shoppers-mall/
unity-secondary-school,https://www.instagram.com/explore/locations/720861525/unity-secondary-school/
choa-chukang-park,https://www.instagram.com/explore/locations/275537087/choa-chukang-park/
brotzeit-at-westgate,https://www.instagram.com/explore/locations/425011728/brotzeit-at-westgate/
bke,https://www.instagram.com/explore/locations/375615352/bke/
hong-kong-sheng-kee-dessert-at-lot-1,https://www.instagram.com/explore/locations/215031980/hong-kong-sheng-kee-dessert-at-lot-1/
the-warren-condominium,https://www.instagram.com/explore/locations/571170/the-warren-condominium/
kendal-bandung-sogo,https://www.instagram.com/explore/locations/1010724773/kendal-bandung-sogo/
kula-lumpur-malaysia,https://www.instagram.com/explore/locations/562695081/kula-lumpur-malaysia/
nasi-lemak-ayam-taliwang-choa-chu-kang,https://www.instagram.com/explore/locations/108718410935110/nasi-lemak-ayam-taliwang-choa-chu-kang/
mcdonalds-lot-1-kiosk,https://www.instagram.com/explore/locations/399550016/mcdonalds-lot-1-kiosk/
kimage,https://www.instagram.com/explore/locations/874568412931434/kimage/
monster-curry-at-vivocity,https://www.instagram.com/explore/locations/1023900754/monster-curry-at-vivocity/
travelling,https://www.instagram.com/explore/locations/778982944/travelling/
lot-1-chau-chu-kang,https://www.instagram.com/explore/locations/339336656118532/lot-1-chau-chu-kang/
delifrance-lot-1,https://www.instagram.com/explore/locations/940589192/delifrance-lot-1/
kbox-karaoke-choa-chu-kang,https://www.instagram.com/explore/locations/254579619/kbox-karaoke-choa-chu-kang/
pasar-malam-cck,https://www.instagram.com/explore/locations/10034281/pasar-malam-cck/
paradise-dynasty-cck-lot-1,https://www.instagram.com/explore/locations/234826319/paradise-dynasty-cck-lot-1/
foodfarechoa-chu-kang,https://www.instagram.com/explore/locations/18357292/foodfarechoa-chu-kang/
shaw-cinema-lot-one-cck,https://www.instagram.com/explore/locations/701595918/shaw-cinema-lot-one-cck/
gymmboxx-keat-hong-cc,https://www.instagram.com/explore/locations/695704380603779/gymmboxx-keat-hong-cc/
mi-casa-condominium,https://www.instagram.com/explore/locations/576854545989176/mi-casa-condominium/
blk-344-choa-chu-kang-loop-singapore,https://www.instagram.com/explore/locations/271475813/blk-344-choa-chu-kang-loop-singapore/
705-choa-chu-kang-st-53,https://www.instagram.com/explore/locations/350466587/705-choa-chu-kang-st-53/
ashideout,https://www.instagram.com/explore/locations/100631041469488/ashideout/
choa-chu-kang-loop-block-340,https://www.instagram.com/explore/locations/282323454/choa-chu-kang-loop-block-340/
warren-rn,https://www.instagram.com/explore/locations/1415807098671693/warren-rn/
shell,https://www.instagram.com/explore/locations/2218691751548105/shell/
lot-one-national-library,https://www.instagram.com/explore/locations/298165588/lot-one-national-library/
sakae-sushi-choa-chu-kang-lot-1,https://www.instagram.com/explore/locations/1016678873/sakae-sushi-choa-chu-kang-lot-1/
kerja-itu-satu-ibadah,https://www.instagram.com/explore/locations/780103391/kerja-itu-satu-ibadah/
chua-chu-kang-limbang-park,https://www.instagram.com/explore/locations/317014485/chua-chu-kang-limbang-park/
delifrance-singapore,https://www.instagram.com/explore/locations/117453026771608/delifrance-singapore/
fantasy-land-of-dreams,https://www.instagram.com/explore/locations/840635417/fantasy-land-of-dreams/
warren-condo-singapore-rental,https://www.instagram.com/explore/locations/1020657625/warren-condo-singapore-rental/
shaw-lot-one,https://www.instagram.com/explore/locations/486520575084576/shaw-lot-one/
cck-lot-1,https://www.instagram.com/explore/locations/263707807/cck-lot-1/
macdonalds-lot-1,https://www.instagram.com/explore/locations/100145043463328/macdonalds-lot-1/
kfc,https://www.instagram.com/explore/locations/144492788948625/kfc/
yong-kang-tcm-clinic,https://www.instagram.com/explore/locations/282899801/yong-kang-tcm-clinic/
choa-chu-kang-central,https://www.instagram.com/explore/locations/259336191/choa-chu-kang-central/
blk-303-cck-ntuc-foodfare,https://www.instagram.com/explore/locations/249555035/blk-303-cck-ntuc-foodfare/
subway-singapore,https://www.instagram.com/explore/locations/1842285776010558/subway-singapore/
gymm-boxx-silver-at-keat-hong-cc,https://www.instagram.com/explore/locations/1970981619796086/gymm-boxx-silver-at-keat-hong-cc/
choa-chu-kang-starbucks,https://www.instagram.com/explore/locations/1258901474190687/choa-chu-kang-starbucks/
burger-joint,https://www.instagram.com/explore/locations/555194338244238/burger-joint/
blk-217-cck-central,https://www.instagram.com/explore/locations/273552520/blk-217-cck-central/
gymmboxx-keat-hong,https://www.instagram.com/explore/locations/167304388736612/gymmboxx-keat-hong/
marina-bay,https://www.instagram.com/explore/locations/264597947/marina-bay/
mof-lot-1-cck,https://www.instagram.com/explore/locations/214106337/mof-lot-1-cck/
jean-yip-hub-lot1-chua-chu-kang,https://www.instagram.com/explore/locations/130637520357809/jean-yip-hub-lot1-chua-chu-kang/
lot-one-macdonalds,https://www.instagram.com/explore/locations/976611570/lot-one-macdonalds/
siam-kitchen-lot-1-cck,https://www.instagram.com/explore/locations/302769471/siam-kitchen-lot-1-cck/
off-to-anywhere-i-can-go,https://www.instagram.com/explore/locations/708062051/off-to-anywhere-i-can-go/
keat-hong-community-center,https://www.instagram.com/explore/locations/1230982023600056/keat-hong-community-center/
sol-acres-biggest-ec,https://www.instagram.com/explore/locations/800298723380131/sol-acres-biggest-ec/
summit-hut-bukit-timah-hill,https://www.instagram.com/explore/locations/128009277278547/summit-hut-bukit-timah-hill/
choa-chu-kang-new-town-singapore,https://www.instagram.com/explore/locations/393220466/choa-chu-kang-new-town-singapore/
maki-san,https://www.instagram.com/explore/locations/2193679530859909/maki-san/
umbul-kapuk,https://www.instagram.com/explore/locations/270039806353915/umbul-kapuk/
sandy-home,https://www.instagram.com/explore/locations/320507188883819/sandy-home/
cho-chu-kang-singapore,https://www.instagram.com/explore/locations/318738433/cho-chu-kang-singapore/
kaya-toast-lot-1,https://www.instagram.com/explore/locations/278284872/kaya-toast-lot-1/
chua-chu-kang-lot-1,https://www.instagram.com/explore/locations/30698339/chua-chu-kang-lot-1/
cemetary,https://www.instagram.com/explore/locations/798949631/cemetary/
jalan-lingkar-selatan-salatiga,https://www.instagram.com/explore/locations/927691712/jalan-lingkar-selatan-salatiga/
explanade,https://www.instagram.com/explore/locations/438173456/explanade/
jurong-east-interchange,https://www.instagram.com/explore/locations/241916254/jurong-east-interchange/
trcc-republic-poly,https://www.instagram.com/explore/locations/646614277/trcc-republic-poly/
ya-kun-toast-lot-one-shoppers-mall,https://www.instagram.com/explore/locations/237761152/ya-kun-toast-lot-one-shoppers-mall/
sakae-sushi-cck-lot-one,https://www.instagram.com/explore/locations/245611604/sakae-sushi-cck-lot-one/
dbs-bank-choa-chu-kang-central,https://www.instagram.com/explore/locations/514213737/dbs-bank-choa-chu-kang-central/
laut-cinta,https://www.instagram.com/explore/locations/1001837278/laut-cinta/
zone-x-lot-1,https://www.instagram.com/explore/locations/4252208/zone-x-lot-1/
kfc-lot-1,https://www.instagram.com/explore/locations/718683052/kfc-lot-1/
cue-guru-at-jest-dplace,https://www.instagram.com/explore/locations/352161048471116/cue-guru-at-jest-dplace/
delifrance-lot1-shopping-mall,https://www.instagram.com/explore/locations/251844781/delifrance-lot1-shopping-mall/
apgujeong-hair-studio-korean-salon-inspired-by-perfection,https://www.instagram.com/explore/locations/481486878878942/apgujeong-hair-studio-korean-salon-inspired-by-perfection/
yami-yogurt,https://www.instagram.com/explore/locations/5032000/yami-yogurt/
nandos,https://www.instagram.com/explore/locations/305494790/nandos/
shaw-cineplex-lot-1-shopping-mall,https://www.instagram.com/explore/locations/252079505/shaw-cineplex-lot-1-shopping-mall/
rasa-istimewa-c2k-restaurant-cck-park,https://www.instagram.com/explore/locations/221577534/rasa-istimewa-c2k-restaurant-cck-park/
under-the-moonlight,https://www.instagram.com/explore/locations/138380823445720/under-the-moonlight/
gaint-panda-forest-at-river-safari,https://www.instagram.com/explore/locations/234304008/gaint-panda-forest-at-river-safari/
lot-one-shaw-cinemas,https://www.instagram.com/explore/locations/288998258/lot-one-shaw-cinemas/
keat-hong-cc-wec,https://www.instagram.com/explore/locations/1032761148/keat-hong-cc-wec/
lot-one,https://www.instagram.com/explore/locations/438907651/lot-one/
shaw-theatres-lot-one,https://www.instagram.com/explore/locations/1227048554091041/shaw-theatres-lot-one/
hard-court-opposite-lot-1-shoppers-mall,https://www.instagram.com/explore/locations/690659185/hard-court-opposite-lot-1-shoppers-mall/
blk-515-choa-chu-kang-street-51,https://www.instagram.com/explore/locations/326843069/blk-515-choa-chu-kang-street-51/
the-ballet-music-company,https://www.instagram.com/explore/locations/9234815/the-ballet-music-company/
mrt,https://www.instagram.com/explore/locations/454892454/mrt/
starbucks-at-keat-hong-com,https://www.instagram.com/explore/locations/126137488178189/starbucks-at-keat-hong-com/
wandervale-executive-condo-by-sim-lian,https://www.instagram.com/explore/locations/266205223722476/wandervale-executive-condo-by-sim-lian/
choa-chu-kang-grc-community-tribute,https://www.instagram.com/explore/locations/685272626/choa-chu-kang-grc-community-tribute/
choa-chu-kang-town-council,https://www.instagram.com/explore/locations/601433042/choa-chu-kang-town-council/
207-chua-chu-kang-central,https://www.instagram.com/explore/locations/1015343613/207-chua-chu-kang-central/
micasa-condochua-chu-kang-ave-3-s689868,https://www.instagram.com/explore/locations/931027960/micasa-condochua-chu-kang-ave-3-s689868/
blk-218-choa-chu-kang-central,https://www.instagram.com/explore/locations/331302941/blk-218-choa-chu-kang-central/
food-culture,https://www.instagram.com/explore/locations/691131/food-culture/
gluttons-bay-makansutra,https://www.instagram.com/explore/locations/247143279/gluttons-bay-makansutra/
the-wandervale,https://www.instagram.com/explore/locations/1028465446/the-wandervale/
hilton-hotel,https://www.instagram.com/explore/locations/472306540/hilton-hotel/
rinas-kitchen,https://www.instagram.com/explore/locations/152268164846627/rinas-kitchen/
chua-chu-kang-loop,https://www.instagram.com/explore/locations/277391481/chua-chu-kang-loop/
kimage-lot-1,https://www.instagram.com/explore/locations/14690634/kimage-lot-1/
choa-chu-kang-sports-stadium,https://www.instagram.com/explore/locations/312846903/choa-chu-kang-sports-stadium/
raffles-medical-lot-1,https://www.instagram.com/explore/locations/20970730/raffles-medical-lot-1/
food-court-lot-1-shoping-mall,https://www.instagram.com/explore/locations/390250816/food-court-lot-1-shoping-mall/
kidslink-children-clinic,https://www.instagram.com/explore/locations/367643731/kidslink-children-clinic/
lot-1-mall-mof-03-12,https://www.instagram.com/explore/locations/575605426/lot-1-mall-mof-03-12/
sunny-fields,https://www.instagram.com/explore/locations/103296001364085/sunny-fields/
glorietta-4-cinema,https://www.instagram.com/explore/locations/382934715073391/glorietta-4-cinema/
gain-city-choa-chu-kang,https://www.instagram.com/explore/locations/126085517472672/gain-city-choa-chu-kang/
choa-chu-kang-st-53-blk-704,https://www.instagram.com/explore/locations/242051296/choa-chu-kang-st-53-blk-704/
yun-nam-hair-care-lot-one,https://www.instagram.com/explore/locations/681966612/yun-nam-hair-care-lot-one/
masjid-alkhair,https://www.instagram.com/explore/locations/792556994/masjid-alkhair/
shaw-brothers-lot-1-shoppersmall,https://www.instagram.com/explore/locations/275821190/shaw-brothers-lot-1-shoppersmall/
yishun-mrt,https://www.instagram.com/explore/locations/349637507/yishun-mrt/
pastamania-lot-1-shoppersmall,https://www.instagram.com/explore/locations/778277308/pastamania-lot-1-shoppersmall/
crema-west,https://www.instagram.com/explore/locations/2173123269570937/crema-west/
fairprice-at-lot-1-shoppersmall,https://www.instagram.com/explore/locations/318913315/fairprice-at-lot-1-shoppersmall/
jt-renovations-and-furnishings-pte-ltd,https://www.instagram.com/explore/locations/1144764755549491/jt-renovations-and-furnishings-pte-ltd/
metamorphosis-kindergarten,https://www.instagram.com/explore/locations/331279408/metamorphosis-kindergarten/
tiffanys-at-furama,https://www.instagram.com/explore/locations/267501106/tiffanys-at-furama/
northvale-social-lounge,https://www.instagram.com/explore/locations/24550008/northvale-social-lounge/
bukit-batok-civil-service-club-westwood-bowl,https://www.instagram.com/explore/locations/362372350/bukit-batok-civil-service-club-westwood-bowl/
mcdonalds-at-lot-1,https://www.instagram.com/explore/locations/452479928102288/mcdonalds-at-lot-1/
blk-202-cck,https://www.instagram.com/explore/locations/426034422/blk-202-cck/
mr-teh-tarik-cartel,https://www.instagram.com/explore/locations/849651252043233/mr-teh-tarik-cartel/
nandos,https://www.instagram.com/explore/locations/520718485021531/nandos/
jonsson-protein,https://www.instagram.com/explore/locations/228332918/jonsson-protein/
shaw-lot1,https://www.instagram.com/explore/locations/1008471847/shaw-lot1/
blk-514-choa-chu-kanfg-st-51-bed-room,https://www.instagram.com/explore/locations/433997747/blk-514-choa-chu-kanfg-st-51-bed-room/
long-beachcalifornia-lbc,https://www.instagram.com/explore/locations/285375515/long-beachcalifornia-lbc/
choa-chu-kang-centre,https://www.instagram.com/explore/locations/6948945/choa-chu-kang-centre/
ntuc-supermarket-lot-one,https://www.instagram.com/explore/locations/234703990/ntuc-supermarket-lot-one/
stevens-road-singapore,https://www.instagram.com/explore/locations/1026224407/stevens-road-singapore/
doraemons-pocket-3,https://www.instagram.com/explore/locations/731291317/doraemons-pocket-3/
subway-lot-one-shoppersmall,https://www.instagram.com/explore/locations/242923445/subway-lot-one-shoppersmall/
sm-sirok-mangga,https://www.instagram.com/explore/locations/649866846/sm-sirok-mangga/
choa-cho-kang-avenue-4,https://www.instagram.com/explore/locations/753074458188425/choa-cho-kang-avenue-4/
labarbershop,https://www.instagram.com/explore/locations/110705346987263/labarbershop/
zam-family-clinic,https://www.instagram.com/explore/locations/57846195/zam-family-clinic/
nail-palace,https://www.instagram.com/explore/locations/2169687669721542/nail-palace/
pasta-mania-at-lot-one-shoppers-mall,https://www.instagram.com/explore/locations/620989717/pasta-mania-at-lot-one-shoppers-mall/
long-john-silverlot-1,https://www.instagram.com/explore/locations/117344425631340/long-john-silverlot-1/
jean-yip-hairdressing-lot-1,https://www.instagram.com/explore/locations/244377202/jean-yip-hairdressing-lot-1/
eat-lot-1,https://www.instagram.com/explore/locations/8819706/eat-lot-1/
kinderzimmer,https://www.instagram.com/explore/locations/110196487107907/kinderzimmer/
paradise-dynasty-legend-of-xiao-long-bao,https://www.instagram.com/explore/locations/287098974/paradise-dynasty-legend-of-xiao-long-bao/
national-library,https://www.instagram.com/explore/locations/882920153/national-library/
hdb-branch-office-choa-chu-kang,https://www.instagram.com/explore/locations/310125265/hdb-branch-office-choa-chu-kang/
gymmbox-keat-hong,https://www.instagram.com/explore/locations/416196765587748/gymmbox-keat-hong/
jurong-east-ave-1,https://www.instagram.com/explore/locations/364396071/jurong-east-ave-1/
blk-210-choa-chu-kang-central,https://www.instagram.com/explore/locations/334626237/blk-210-choa-chu-kang-central/
shaw-hall-4-cck-lot-1,https://www.instagram.com/explore/locations/273912279372194/shaw-hall-4-cck-lot-1/
famous-amos-lot1,https://www.instagram.com/explore/locations/4923273/famous-amos-lot1/
jcube-shaw-cinema,https://www.instagram.com/explore/locations/282493991/jcube-shaw-cinema/
nine-fresh-desserts-taiwan-choa-chu-kang,https://www.instagram.com/explore/locations/702428710174499/nine-fresh-desserts-taiwan-choa-chu-kang/
